A,B,C,D
-1.3369396689196966,0.975672224929161,-0.596612774307665,-1.8641645590757046
1.0948257523099993,0.975672224929161,-0.596612774307665,-0.5396280805935004
1.0948257523099993,0.975672224929161,-0.12036145597323737,-0.5396280805935004
1.0948257523099993,0.975672224929161,-0.12036145597323737,-0.5396280805935004
1.0948257523099993,0.975672224929161,-0.12036145597323737,-0.10031022370238109
1.0948257523099993,0.975672224929161,1.745663169105343,-0.10031022370238109
1.0948257523099993,0.975672224929161,1.745663169105343,1.0225661013307055
1.0948257523099993,0.975672224929161,1.745663169105343,1.0225661013307055
1.0948257523099993,0.975672224929161,1.745663169105343,1.0225661013307055
1.453027517461345,0.975672224929161,1.745663169105343,1.0225661013307055
1.453027517461345,0.975672224929161,1.745663169105343,1.0225661013307055
1.453027517461345,0.975672224929161,1.745663169105343,1.0225661013307055
1.453027517461345,0.975672224929161,1.745663169105343,1.0225661013307055
1.453027517461345,0.975672224929161,1.745663169105343,1.0225661013307055
1.453027517461345,0.975672224929161,1.745663169105343,1.4001892374863096
1.453027517461345,0.975672224929161,1.745663169105343,1.4001892374863096
1.453027517461345,0.975672224929161,1.745663169105343,1.4001892374863096
1.453027517461345,1.3980234839331096,1.745663169105343,1.6120204992886062
1.453027517461345,1.7658399799167717,1.745663169105343,1.6120204992886062
1.453027517461345,1.7658399799167717,1.745663169105343,1.6120204992886062
1.453027517461345,1.7658399799167717,1.745663169105343,1.6120204992886062
1.453027517461345,1.7658399799167717,1.745663169105343,1.6120204992886062
1.453027517461345,1.7658399799167717,1.745663169105343,1.6120204992886062
1.453027517461345,1.7658399799167717,2.18138026089923,1.6120204992886062
1.453027517461345,1.7658399799167717,2.18138026089923,1.6120204992886062
1.453027517461345,1.7658399799167717,2.18138026089923,1.6120204992886062
1.453027517461345,1.7658399799167717,2.18138026089923,1.6120204992886062
1.453027517461345,1.7658399799167717,2.18138026089923,1.7559332298072725
1.453027517461345,1.7658399799167717,2.18138026089923,1.7559332298072725
1.453027517461345,1.7658399799167717,2.18138026089923,1.7559332298072725
1.453027517461345,1.7658399799167717,2.18138026089923,1.7559332298072725
1.453027517461345,1.7658399799167717,2.18138026089923,2.636398846059783
1.453027517461345,1.7658399799167717,2.18138026089923,2.636398846059783
1.453027517461345,1.7658399799167717,2.18138026089923,2.636398846059783
1.453027517461345,1.7658399799167717,2.18138026089923,2.636398846059783
1.453027517461345,1.7658399799167717,2.18138026089923,2.636398846059783
1.453027517461345,1.7658399799167717,2.18138026089923,2.636398846059783
1.453027517461345,1.7658399799167717,2.18138026089923,2.636398846059783
1.453027517461345,1.7658399799167717,2.7219014127629304,2.636398846059783
1.453027517461345,1.7658399799167717,2.7219014127629304,2.636398846059783
1.453027517461345,1.7658399799167717,2.7219014127629304,2.636398846059783
1.453027517461345,1.7658399799167717,2.7219014127629304,2.636398846059783
1.453027517461345,1.7658399799167717,2.7219014127629304,2.636398846059783
1.453027517461345,1.7658399799167717,2.7219014127629304,2.636398846059783
1.453027517461345,1.7658399799167717,2.7219014127629304,2.636398846059783
1.453027517461345,1.9655821955433024,2.7219014127629304,2.636398846059783
1.453027517461345,1.9655821955433024,2.7219014127629304,2.636398846059783
1.453027517461345,1.9655821955433024,2.7219014127629304,2.636398846059783
1.453027517461345,1.9655821955433024,2.7219014127629304,2.636398846059783
1.453027517461345,1.9655821955433024,2.7219014127629304,2.636398846059783
1.453027517461345,1.9655821955433024,2.7219014127629304,2.636398846059783
1.453027517461345,1.9655821955433024,2.7219014127629304,2.636398846059783
1.453027517461345,1.9655821955433024,2.7219014127629304,2.636398846059783
1.453027517461345,1.9655821955433024,2.7219014127629304,2.636398846059783
1.453027517461345,1.9655821955433024,2.7219014127629304,2.636398846059783
1.6939044837285333,1.9655821955433024,2.7219014127629304,2.636398846059783
1.6939044837285333,1.9655821955433024,2.7219014127629304,2.636398846059783
1.6939044837285333,1.9655821955433024,2.7219014127629304,2.636398846059783
1.6939044837285333,1.9655821955433024,2.7219014127629304,2.636398846059783
1.6939044837285333,1.9655821955433024,2.7219014127629304,2.636398846059783
1.6939044837285333,1.9655821955433024,2.7219014127629304,2.636398846059783
1.6939044837285333,1.9655821955433024,2.7219014127629304,2.636398846059783
1.6939044837285333,1.9655821955433024,2.7219014127629304,2.636398846059783
1.6939044837285333,1.9655821955433024,2.7219014127629304,2.636398846059783
1.6939044837285333,1.9655821955433024,2.7219014127629304,2.636398846059783
1.6939044837285333,1.9655821955433024,2.7219014127629304,2.636398846059783
1.6939044837285333,1.9655821955433024,2.7219014127629304,2.636398846059783
2.000816376637627,1.9655821955433024,2.7219014127629304,2.636398846059783
2.4149059430556505,1.9655821955433024,2.7219014127629304,2.636398846059783
2.4149059430556505,1.9831476652276023,2.7219014127629304,2.636398846059783
2.4149059430556505,1.9831476652276023,2.7219014127629304,2.636398846059783
2.4149059430556505,1.9831476652276023,2.7219014127629304,2.636398846059783
2.4149059430556505,1.9831476652276023,2.7219014127629304,2.636398846059783
2.4149059430556505,1.9831476652276023,2.7219014127629304,2.636398846059783
2.4149059430556505,1.9831476652276023,2.7219014127629304,2.636398846059783
2.4149059430556505,1.9831476652276023,2.7219014127629304,2.636398846059783
2.4149059430556505,1.9831476652276023,2.7219014127629304,2.636398846059783
2.4149059430556505,1.9831476652276023,2.7219014127629304,2.636398846059783
2.4149059430556505,1.9831476652276023,2.7219014127629304,2.636398846059783
2.4149059430556505,1.9831476652276023,2.7219014127629304,2.636398846059783
2.4149059430556505,1.9831476652276023,2.7219014127629304,2.636398846059783
2.4149059430556505,1.9831476652276023,2.7219014127629304,2.636398846059783
2.4149059430556505,1.9831476652276023,2.7219014127629304,2.636398846059783
2.4149059430556505,1.9831476652276023,2.7219014127629304,2.636398846059783
2.4149059430556505,1.9831476652276023,2.7219014127629304,2.636398846059783
2.4149059430556505,1.9831476652276023,2.7219014127629304,2.636398846059783
2.4149059430556505,1.9831476652276023,2.7219014127629304,2.636398846059783
2.4998153550268603,1.9831476652276023,2.7219014127629304,2.636398846059783
2.518263857544174,1.9831476652276023,2.7219014127629304,2.636398846059783
2.518263857544174,1.9831476652276023,2.7219014127629304,2.636398846059783
2.518263857544174,1.9831476652276023,2.7219014127629304,2.636398846059783
2.518263857544174,1.9831476652276023,2.7219014127629304,2.636398846059783
2.518263857544174,1.9831476652276023,2.7219014127629304,2.636398846059783
2.518263857544174,1.9831476652276023,2.7219014127629304,2.636398846059783
2.518263857544174,1.9831476652276023,2.7219014127629304,2.636398846059783
2.518263857544174,1.9831476652276023,2.7219014127629304,2.636398846059783
2.518263857544174,1.9831476652276023,2.7219014127629304,2.636398846059783
2.518263857544174,1.9831476652276023,2.7219014127629304,2.636398846059783
2.518263857544174,1.9831476652276023,2.7219014127629304,2.636398846059783
2.518263857544174,1.9831476652276023,2.7219014127629304,2.636398846059783
2.518263857544174,1.9831476652276023,2.7219014127629304,2.636398846059783
2.518263857544174,1.9831476652276023,2.7219014127629304,2.636398846059783
2.518263857544174,1.9831476652276023,2.7219014127629304,2.636398846059783
2.518263857544174,1.9831476652276023,2.7219014127629304,2.636398846059783
2.518263857544174,1.9831476652276023,2.7219014127629304,2.636398846059783
2.518263857544174,1.9831476652276023,2.7219014127629304,2.636398846059783
2.518263857544174,1.9831476652276023,2.7219014127629304,2.636398846059783
2.518263857544174,1.9831476652276023,2.7219014127629304,2.636398846059783
2.518263857544174,1.9831476652276023,2.7219014127629304,2.636398846059783
2.518263857544174,1.9831476652276023,2.7219014127629304,2.636398846059783
2.518263857544174,1.9831476652276023,2.7219014127629304,2.636398846059783
2.518263857544174,1.9831476652276023,2.7219014127629304,2.636398846059783
2.518263857544174,2.0486546522001245,2.7219014127629304,2.636398846059783
2.518263857544174,2.0486546522001245,2.7219014127629304,2.636398846059783
2.518263857544174,2.0486546522001245,2.7219014127629304,2.636398846059783
2.518263857544174,2.0486546522001245,2.7219014127629304,2.636398846059783
2.518263857544174,2.0486546522001245,2.7219014127629304,2.636398846059783
2.518263857544174,2.0486546522001245,2.7219014127629304,2.636398846059783
2.518263857544174,2.0486546522001245,2.7219014127629304,2.636398846059783
2.518263857544174,2.0486546522001245,2.7219014127629304,2.636398846059783
2.518263857544174,2.0486546522001245,2.7219014127629304,2.636398846059783
2.518263857544174,2.0486546522001245,2.7219014127629304,2.636398846059783
2.518263857544174,2.0486546522001245,2.7219014127629304,2.636398846059783
2.518263857544174,2.0486546522001245,2.7219014127629304,2.636398846059783
2.518263857544174,2.0486546522001245,2.7219014127629304,2.636398846059783
2.518263857544174,2.0486546522001245,2.7219014127629304,2.636398846059783
2.518263857544174,2.0486546522001245,2.7219014127629304,2.636398846059783
2.518263857544174,2.0486546522001245,2.7219014127629304,2.636398846059783
2.518263857544174,2.0486546522001245,2.7219014127629304,2.636398846059783
2.518263857544174,2.0486546522001245,2.7219014127629304,2.636398846059783
2.518263857544174,2.0486546522001245,2.7219014127629304,2.636398846059783
2.518263857544174,2.0486546522001245,2.7219014127629304,2.636398846059783
2.518263857544174,2.0486546522001245,2.7219014127629304,2.636398846059783
2.518263857544174,2.0486546522001245,2.7219014127629304,2.636398846059783
2.518263857544174,2.0486546522001245,2.7219014127629304,2.636398846059783
2.518263857544174,2.0486546522001245,2.7219014127629304,2.636398846059783
2.518263857544174,2.0486546522001245,2.7219014127629304,2.636398846059783
2.518263857544174,2.0486546522001245,2.7219014127629304,2.636398846059783
2.518263857544174,2.0486546522001245,2.7219014127629304,2.636398846059783
2.518263857544174,2.0486546522001245,2.7219014127629304,2.636398846059783
2.518263857544174,2.0486546522001245,2.7219014127629304,2.636398846059783
2.518263857544174,2.0486546522001245,2.7219014127629304,2.636398846059783
2.518263857544174,2.0486546522001245,2.7219014127629304,2.636398846059783
2.518263857544174,2.0486546522001245,2.7219014127629304,2.636398846059783
2.518263857544174,2.0486546522001245,2.7219014127629304,2.636398846059783
2.518263857544174,2.0486546522001245,2.7219014127629304,2.636398846059783
2.518263857544174,2.0486546522001245,2.7219014127629304,2.636398846059783
2.518263857544174,2.0486546522001245,2.7219014127629304,2.636398846059783
2.518263857544174,2.0486546522001245,2.7219014127629304,2.636398846059783
2.518263857544174,2.0486546522001245,2.7219014127629304,2.636398846059783
2.518263857544174,2.0486546522001245,2.7219014127629304,2.636398846059783
2.518263857544174,2.0486546522001245,2.7219014127629304,2.636398846059783
2.518263857544174,2.0486546522001245,2.7219014127629304,2.636398846059783
2.518263857544174,2.0486546522001245,2.7219014127629304,2.636398846059783
2.518263857544174,2.0486546522001245,2.7219014127629304,2.636398846059783
2.518263857544174,2.0486546522001245,2.7219014127629304,2.636398846059783
2.518263857544174,2.0486546522001245,2.7219014127629304,2.636398846059783
2.518263857544174,2.0486546522001245,2.7219014127629304,2.636398846059783
2.518263857544174,2.0486546522001245,2.7219014127629304,2.636398846059783
2.518263857544174,2.0486546522001245,2.7219014127629304,2.636398846059783
2.518263857544174,2.0486546522001245,2.7219014127629304,2.636398846059783
2.518263857544174,2.0486546522001245,2.7219014127629304,2.636398846059783
2.518263857544174,2.0486546522001245,2.7219014127629304,2.636398846059783
2.518263857544174,2.0486546522001245,2.7219014127629304,2.636398846059783
2.518263857544174,2.0486546522001245,2.7219014127629304,2.636398846059783
2.518263857544174,2.0486546522001245,2.7219014127629304,2.636398846059783
2.518263857544174,2.0486546522001245,2.7219014127629304,2.636398846059783
2.518263857544174,2.0486546522001245,2.7219014127629304,2.636398846059783
2.518263857544174,2.0486546522001245,2.7219014127629304,2.636398846059783
2.518263857544174,2.0486546522001245,2.7219014127629304,2.636398846059783
2.518263857544174,2.0486546522001245,2.7219014127629304,2.636398846059783
2.518263857544174,2.0486546522001245,2.7219014127629304,2.636398846059783
2.518263857544174,2.0486546522001245,2.7219014127629304,2.636398846059783
2.518263857544174,2.0486546522001245,2.7219014127629304,2.636398846059783
2.518263857544174,2.0486546522001245,2.7219014127629304,2.636398846059783
2.518263857544174,2.0486546522001245,2.7219014127629304,2.636398846059783
2.518263857544174,2.0486546522001245,2.7219014127629304,2.636398846059783
2.518263857544174,2.0486546522001245,2.7219014127629304,2.636398846059783
2.518263857544174,2.0486546522001245,2.7219014127629304,2.636398846059783
2.518263857544174,2.0486546522001245,2.7219014127629304,2.636398846059783
2.518263857544174,2.0486546522001245,2.7219014127629304,2.636398846059783
2.518263857544174,2.0486546522001245,2.7219014127629304,2.636398846059783
2.518263857544174,2.0486546522001245,2.7219014127629304,2.636398846059783
2.518263857544174,2.0486546522001245,2.7219014127629304,2.636398846059783
2.518263857544174,2.0486546522001245,2.7219014127629304,2.636398846059783
2.518263857544174,2.0486546522001245,2.7219014127629304,2.636398846059783
2.518263857544174,2.0486546522001245,2.7219014127629304,2.636398846059783
2.518263857544174,2.0486546522001245,2.7219014127629304,2.636398846059783
2.518263857544174,2.0486546522001245,2.7219014127629304,2.636398846059783
2.518263857544174,2.0486546522001245,2.7219014127629304,2.636398846059783
2.518263857544174,2.0486546522001245,2.7219014127629304,2.636398846059783
2.518263857544174,2.0486546522001245,2.7219014127629304,2.636398846059783
2.518263857544174,2.0486546522001245,2.7219014127629304,2.636398846059783
2.518263857544174,2.0486546522001245,2.7219014127629304,2.636398846059783
2.518263857544174,2.0486546522001245,2.7219014127629304,2.636398846059783
2.518263857544174,2.0486546522001245,2.7219014127629304,2.636398846059783
2.518263857544174,2.0486546522001245,2.7219014127629304,2.636398846059783
2.518263857544174,2.0486546522001245,2.7219014127629304,2.636398846059783
2.518263857544174,2.0486546522001245,2.7219014127629304,2.636398846059783
2.518263857544174,2.0486546522001245,2.7219014127629304,2.636398846059783
2.518263857544174,2.0486546522001245,2.7219014127629304,2.636398846059783
2.518263857544174,2.0486546522001245,2.7219014127629304,2.636398846059783
2.518263857544174,2.0486546522001245,2.7219014127629304,2.636398846059783
2.518263857544174,2.0486546522001245,2.7219014127629304,2.636398846059783
2.518263857544174,2.0486546522001245,2.7219014127629304,2.636398846059783
2.518263857544174,2.0486546522001245,2.7219014127629304,2.636398846059783
2.518263857544174,2.0486546522001245,2.7219014127629304,2.636398846059783
2.518263857544174,2.0486546522001245,2.7219014127629304,2.636398846059783
2.518263857544174,2.0486546522001245,2.7219014127629304,2.636398846059783
2.518263857544174,2.0486546522001245,2.7219014127629304,2.636398846059783
2.518263857544174,2.0486546522001245,2.7219014127629304,2.636398846059783
2.518263857544174,2.0486546522001245,2.7219014127629304,2.636398846059783
2.518263857544174,2.0486546522001245,2.7219014127629304,2.636398846059783
2.518263857544174,2.0486546522001245,2.7219014127629304,2.636398846059783
2.518263857544174,2.0486546522001245,2.7219014127629304,2.636398846059783
2.518263857544174,2.0486546522001245,2.7219014127629304,2.636398846059783
2.518263857544174,2.0486546522001245,2.7219014127629304,2.636398846059783
2.518263857544174,2.0486546522001245,2.7219014127629304,2.636398846059783
2.518263857544174,2.0486546522001245,2.7219014127629304,2.636398846059783
2.518263857544174,2.0486546522001245,2.7219014127629304,2.636398846059783
2.518263857544174,2.0486546522001245,2.7219014127629304,2.636398846059783
2.518263857544174,2.0486546522001245,2.7219014127629304,2.636398846059783
2.518263857544174,2.0486546522001245,2.7219014127629304,2.636398846059783
2.518263857544174,2.0486546522001245,2.7219014127629304,2.636398846059783
2.518263857544174,2.0486546522001245,2.7219014127629304,2.636398846059783
2.518263857544174,2.0486546522001245,2.7219014127629304,2.636398846059783
2.518263857544174,2.0486546522001245,2.7219014127629304,2.636398846059783
2.518263857544174,2.0486546522001245,2.7219014127629304,2.636398846059783
2.518263857544174,2.0486546522001245,2.7219014127629304,2.636398846059783
2.518263857544174,2.0486546522001245,2.7219014127629304,2.636398846059783
2.518263857544174,2.0486546522001245,2.7219014127629304,2.636398846059783
2.518263857544174,2.0486546522001245,2.7219014127629304,2.636398846059783
2.518263857544174,2.0486546522001245,2.7219014127629304,2.636398846059783
2.518263857544174,2.0486546522001245,2.7219014127629304,2.636398846059783
2.518263857544174,2.0486546522001245,2.7219014127629304,2.636398846059783
2.518263857544174,2.0486546522001245,2.7219014127629304,2.636398846059783
2.518263857544174,2.0486546522001245,2.7219014127629304,2.636398846059783
2.518263857544174,2.0486546522001245,2.7219014127629304,2.636398846059783
2.518263857544174,2.0486546522001245,2.7219014127629304,2.636398846059783
2.518263857544174,3.13308289206594,2.7219014127629304,2.636398846059783
2.518263857544174,3.13308289206594,2.7219014127629304,2.636398846059783
2.518263857544174,3.13308289206594,2.7219014127629304,2.636398846059783
2.518263857544174,3.13308289206594,2.7219014127629304,2.636398846059783
2.518263857544174,3.13308289206594,2.7219014127629304,2.636398846059783
2.518263857544174,3.13308289206594,2.7219014127629304,2.636398846059783
2.518263857544174,3.13308289206594,2.7219014127629304,2.636398846059783
2.518263857544174,3.13308289206594,2.7219014127629304,2.636398846059783
2.518263857544174,3.13308289206594,2.7219014127629304,2.636398846059783
2.518263857544174,3.13308289206594,2.7219014127629304,2.636398846059783
2.518263857544174,3.13308289206594,2.7219014127629304,2.636398846059783
2.518263857544174,3.13308289206594,2.7219014127629304,2.636398846059783
2.518263857544174,3.13308289206594,2.7219014127629304,2.636398846059783
2.518263857544174,3.13308289206594,2.7219014127629304,2.636398846059783
2.518263857544174,3.13308289206594,2.7219014127629304,2.636398846059783
2.518263857544174,3.13308289206594,2.7219014127629304,2.636398846059783
2.518263857544174,3.13308289206594,2.7219014127629304,2.636398846059783
2.518263857544174,3.13308289206594,2.7219014127629304,2.636398846059783
2.518263857544174,3.13308289206594,2.7219014127629304,2.636398846059783
2.518263857544174,3.13308289206594,2.7219014127629304,2.636398846059783
2.518263857544174,3.13308289206594,2.7219014127629304,2.636398846059783
2.518263857544174,3.13308289206594,2.7219014127629304,2.636398846059783
2.518263857544174,3.13308289206594,2.7219014127629304,2.636398846059783
2.518263857544174,3.13308289206594,2.7219014127629304,2.636398846059783
2.518263857544174,3.13308289206594,2.7219014127629304,2.636398846059783
2.518263857544174,3.13308289206594,2.7219014127629304,2.636398846059783
2.518263857544174,3.13308289206594,2.7219014127629304,2.636398846059783
2.518263857544174,3.13308289206594,2.7219014127629304,2.636398846059783
2.518263857544174,3.13308289206594,2.7219014127629304,2.636398846059783
2.518263857544174,3.13308289206594,2.7219014127629304,2.636398846059783
2.518263857544174,3.13308289206594,2.7219014127629304,2.636398846059783
2.518263857544174,3.13308289206594,2.7219014127629304,2.636398846059783
2.518263857544174,3.13308289206594,2.7219014127629304,2.636398846059783
2.518263857544174,3.13308289206594,2.7219014127629304,2.636398846059783
2.518263857544174,3.13308289206594,2.7219014127629304,2.636398846059783
2.518263857544174,3.13308289206594,2.7219014127629304,2.636398846059783
2.518263857544174,3.13308289206594,2.7219014127629304,2.636398846059783
2.518263857544174,3.13308289206594,2.7219014127629304,2.636398846059783
2.518263857544174,3.13308289206594,2.7219014127629304,2.636398846059783
2.518263857544174,3.13308289206594,2.7219014127629304,2.636398846059783
2.518263857544174,3.13308289206594,2.7219014127629304,2.636398846059783
2.518263857544174,3.13308289206594,2.7219014127629304,2.636398846059783
2.518263857544174,3.13308289206594,2.7219014127629304,2.636398846059783
2.518263857544174,3.13308289206594,2.7219014127629304,2.636398846059783
2.518263857544174,3.13308289206594,2.7219014127629304,2.636398846059783
2.518263857544174,3.13308289206594,2.7219014127629304,2.636398846059783
2.518263857544174,3.13308289206594,2.7219014127629304,2.636398846059783
2.518263857544174,3.13308289206594,2.7219014127629304,2.636398846059783
2.518263857544174,3.13308289206594,2.7219014127629304,2.636398846059783
2.518263857544174,3.13308289206594,2.7219014127629304,2.636398846059783
2.518263857544174,3.13308289206594,2.7219014127629304,2.636398846059783
2.518263857544174,3.13308289206594,2.7219014127629304,2.636398846059783
2.518263857544174,3.13308289206594,2.7219014127629304,2.636398846059783
2.518263857544174,3.13308289206594,2.7219014127629304,2.636398846059783
2.518263857544174,3.13308289206594,2.7219014127629304,2.636398846059783
2.518263857544174,3.13308289206594,2.7219014127629304,2.636398846059783
2.518263857544174,3.13308289206594,2.7219014127629304,2.636398846059783
2.518263857544174,3.13308289206594,2.7219014127629304,2.636398846059783
2.518263857544174,3.13308289206594,2.7219014127629304,2.636398846059783
2.518263857544174,3.13308289206594,2.7219014127629304,2.636398846059783
2.518263857544174,3.13308289206594,2.7219014127629304,2.636398846059783
2.518263857544174,3.13308289206594,2.7219014127629304,2.636398846059783
2.518263857544174,3.13308289206594,2.7219014127629304,2.636398846059783
2.518263857544174,3.13308289206594,2.7219014127629304,2.636398846059783
2.518263857544174,3.13308289206594,2.7219014127629304,2.636398846059783
2.518263857544174,3.13308289206594,2.7219014127629304,2.636398846059783
2.518263857544174,3.13308289206594,2.7219014127629304,2.636398846059783
2.518263857544174,3.13308289206594,2.7219014127629304,2.636398846059783
2.518263857544174,3.13308289206594,2.7219014127629304,2.636398846059783
2.518263857544174,3.13308289206594,2.7219014127629304,2.636398846059783
2.518263857544174,3.13308289206594,2.7219014127629304,2.636398846059783
2.518263857544174,3.13308289206594,2.7219014127629304,2.636398846059783
2.518263857544174,3.13308289206594,2.7219014127629304,2.636398846059783
2.518263857544174,3.13308289206594,2.7219014127629304,2.636398846059783
2.518263857544174,3.13308289206594,2.7219014127629304,2.636398846059783
2.518263857544174,3.13308289206594,2.7219014127629304,2.636398846059783
2.518263857544174,3.13308289206594,2.7219014127629304,2.636398846059783
2.518263857544174,3.13308289206594,2.7219014127629304,2.636398846059783
2.518263857544174,3.13308289206594,2.7219014127629304,2.636398846059783
2.518263857544174,3.13308289206594,2.7219014127629304,2.636398846059783
2.518263857544174,3.13308289206594,2.7219014127629304,2.636398846059783
2.518263857544174,3.13308289206594,2.7219014127629304,2.636398846059783
2.518263857544174,3.13308289206594,2.7219014127629304,2.636398846059783
2.518263857544174,3.13308289206594,2.7219014127629304,2.636398846059783
2.518263857544174,3.13308289206594,2.7219014127629304,2.636398846059783
2.518263857544174,3.13308289206594,2.7219014127629304,2.636398846059783
2.518263857544174,3.13308289206594,2.7219014127629304,2.636398846059783
2.518263857544174,3.13308289206594,2.7219014127629304,2.636398846059783
2.518263857544174,3.13308289206594,2.7219014127629304,2.636398846059783
2.518263857544174,3.13308289206594,2.7219014127629304,2.636398846059783
2.518263857544174,3.13308289206594,2.7219014127629304,2.636398846059783
2.518263857544174,3.13308289206594,2.7219014127629304,2.636398846059783
2.518263857544174,3.13308289206594,2.7219014127629304,2.636398846059783
2.518263857544174,3.13308289206594,2.7219014127629304,2.636398846059783
2.518263857544174,3.13308289206594,2.7219014127629304,2.636398846059783
2.518263857544174,3.13308289206594,2.7219014127629304,2.636398846059783
2.518263857544174,3.13308289206594,2.7219014127629304,2.636398846059783
2.518263857544174,3.13308289206594,2.7219014127629304,2.636398846059783
2.518263857544174,3.13308289206594,2.7219014127629304,2.636398846059783
2.518263857544174,3.13308289206594,2.7219014127629304,2.636398846059783
2.518263857544174,3.13308289206594,2.7219014127629304,2.636398846059783
2.518263857544174,3.13308289206594,2.7219014127629304,2.636398846059783
2.518263857544174,3.13308289206594,2.7219014127629304,2.636398846059783
2.518263857544174,3.13308289206594,2.7219014127629304,2.636398846059783
2.518263857544174,3.13308289206594,2.7219014127629304,2.636398846059783
2.518263857544174,3.13308289206594,2.7219014127629304,2.636398846059783
2.518263857544174,3.13308289206594,2.7219014127629304,2.636398846059783
2.518263857544174,3.13308289206594,2.7219014127629304,2.636398846059783
2.518263857544174,3.13308289206594,2.7219014127629304,2.636398846059783
2.518263857544174,3.13308289206594,2.7219014127629304,2.636398846059783
2.518263857544174,3.13308289206594,2.7219014127629304,2.636398846059783
2.518263857544174,3.13308289206594,2.7219014127629304,2.636398846059783
2.518263857544174,3.13308289206594,2.7219014127629304,2.636398846059783
2.518263857544174,3.13308289206594,2.7219014127629304,2.636398846059783
2.518263857544174,3.13308289206594,2.7219014127629304,2.636398846059783
2.518263857544174,3.13308289206594,2.7219014127629304,2.636398846059783
2.518263857544174,3.13308289206594,2.7219014127629304,2.636398846059783
2.518263857544174,3.13308289206594,2.7219014127629304,2.636398846059783
2.518263857544174,3.13308289206594,2.7219014127629304,2.636398846059783
2.518263857544174,3.13308289206594,2.7219014127629304,2.636398846059783
2.518263857544174,3.13308289206594,2.7219014127629304,2.636398846059783
2.518263857544174,3.13308289206594,2.7219014127629304,2.636398846059783
2.518263857544174,3.13308289206594,2.7219014127629304,2.636398846059783
2.518263857544174,3.13308289206594,2.7219014127629304,2.636398846059783
2.518263857544174,3.13308289206594,2.7219014127629304,2.636398846059783
2.518263857544174,3.13308289206594,2.7219014127629304,2.636398846059783
2.518263857544174,3.13308289206594,2.7219014127629304,2.636398846059783
2.518263857544174,3.13308289206594,2.7219014127629304,2.636398846059783
2.518263857544174,3.13308289206594,2.7219014127629304,2.636398846059783
2.518263857544174,3.13308289206594,2.7219014127629304,2.636398846059783
2.518263857544174,3.13308289206594,2.7219014127629304,2.636398846059783
2.518263857544174,3.13308289206594,2.7219014127629304,2.636398846059783
2.518263857544174,3.13308289206594,2.7219014127629304,2.636398846059783
2.518263857544174,3.13308289206594,2.7219014127629304,2.636398846059783
2.518263857544174,3.13308289206594,2.7219014127629304,2.636398846059783
2.518263857544174,3.13308289206594,2.7219014127629304,2.636398846059783
2.518263857544174,3.13308289206594,2.7219014127629304,2.636398846059783
2.518263857544174,3.13308289206594,2.7219014127629304,2.636398846059783
2.518263857544174,3.13308289206594,2.7219014127629304,2.636398846059783
2.518263857544174,3.13308289206594,2.7219014127629304,2.636398846059783
2.518263857544174,3.13308289206594,2.7219014127629304,2.636398846059783
2.518263857544174,3.13308289206594,2.7219014127629304,2.636398846059783
2.518263857544174,3.13308289206594,2.7219014127629304,2.636398846059783
2.518263857544174,3.13308289206594,2.7219014127629304,2.636398846059783
2.518263857544174,3.13308289206594,2.7219014127629304,2.636398846059783
2.518263857544174,3.13308289206594,2.7219014127629304,2.636398846059783
2.518263857544174,3.13308289206594,2.7219014127629304,2.636398846059783
2.518263857544174,3.13308289206594,2.7219014127629304,2.636398846059783
2.518263857544174,3.13308289206594,2.7219014127629304,2.636398846059783
2.5848158347849197,3.13308289206594,2.7219014127629304,2.636398846059783
2.5848158347849197,3.13308289206594,2.7219014127629304,2.636398846059783
2.5848158347849197,3.13308289206594,2.7219014127629304,2.636398846059783
2.5848158347849197,3.13308289206594,2.7219014127629304,2.636398846059783
2.5848158347849197,3.13308289206594,2.7219014127629304,2.636398846059783
2.5848158347849197,3.13308289206594,2.7219014127629304,2.636398846059783
2.5848158347849197,3.13308289206594,2.7219014127629304,2.636398846059783
2.5848158347849197,3.13308289206594,2.7219014127629304,2.636398846059783
2.5848158347849197,3.13308289206594,2.7219014127629304,2.636398846059783
2.5848158347849197,3.13308289206594,2.7219014127629304,2.636398846059783
2.5848158347849197,3.13308289206594,2.7219014127629304,2.636398846059783
2.5848158347849197,3.13308289206594,2.7219014127629304,2.636398846059783
2.5848158347849197,3.13308289206594,2.7219014127629304,2.636398846059783
2.5848158347849197,3.13308289206594,2.7219014127629304,2.636398846059783
2.5848158347849197,3.13308289206594,2.7219014127629304,2.636398846059783
2.5848158347849197,3.13308289206594,2.7219014127629304,2.636398846059783
2.5848158347849197,3.13308289206594,2.7219014127629304,2.636398846059783
2.5848158347849197,3.13308289206594,2.7219014127629304,2.636398846059783
2.5848158347849197,3.13308289206594,2.7219014127629304,2.636398846059783
2.5848158347849197,3.13308289206594,2.7219014127629304,2.636398846059783
2.5848158347849197,3.13308289206594,2.7219014127629304,2.636398846059783
2.5848158347849197,3.13308289206594,2.7219014127629304,2.636398846059783
2.5848158347849197,3.13308289206594,2.7219014127629304,2.636398846059783
2.5848158347849197,3.13308289206594,2.7219014127629304,2.636398846059783
2.5848158347849197,3.13308289206594,2.7219014127629304,2.636398846059783
2.5848158347849197,3.13308289206594,2.7219014127629304,2.636398846059783
2.5848158347849197,3.13308289206594,2.7219014127629304,2.636398846059783
2.5848158347849197,3.13308289206594,2.7219014127629304,2.636398846059783
2.5848158347849197,3.13308289206594,2.7219014127629304,2.636398846059783
2.5848158347849197,3.13308289206594,2.7219014127629304,2.636398846059783
2.5848158347849197,3.13308289206594,2.7219014127629304,2.636398846059783
2.5848158347849197,3.13308289206594,2.7219014127629304,2.636398846059783
2.5848158347849197,3.13308289206594,2.7219014127629304,2.636398846059783
2.5848158347849197,3.13308289206594,2.7219014127629304,2.636398846059783
2.5848158347849197,3.13308289206594,2.7219014127629304,2.636398846059783
2.5848158347849197,3.13308289206594,2.7219014127629304,2.636398846059783
2.5848158347849197,3.13308289206594,2.7219014127629304,2.636398846059783
2.5848158347849197,3.13308289206594,2.7219014127629304,2.636398846059783
2.5848158347849197,3.13308289206594,2.7219014127629304,2.636398846059783
2.5848158347849197,3.13308289206594,2.7219014127629304,2.636398846059783
2.5848158347849197,3.13308289206594,2.7219014127629304,2.636398846059783
2.5848158347849197,3.13308289206594,2.7219014127629304,2.636398846059783
2.5848158347849197,3.13308289206594,2.7219014127629304,2.636398846059783
2.5848158347849197,3.13308289206594,2.7219014127629304,2.636398846059783
2.5848158347849197,3.13308289206594,2.7219014127629304,2.636398846059783
2.5848158347849197,3.13308289206594,2.7219014127629304,2.636398846059783
2.5848158347849197,3.13308289206594,2.7219014127629304,2.636398846059783
2.5848158347849197,3.13308289206594,2.7219014127629304,2.636398846059783
2.5848158347849197,3.13308289206594,2.7219014127629304,2.636398846059783
2.5848158347849197,3.13308289206594,2.7219014127629304,2.636398846059783
2.5848158347849197,3.13308289206594,2.7219014127629304,2.636398846059783
2.5848158347849197,3.13308289206594,2.7219014127629304,2.636398846059783
2.5848158347849197,3.13308289206594,2.7219014127629304,2.636398846059783
2.5848158347849197,3.13308289206594,2.7219014127629304,2.636398846059783
2.5848158347849197,3.13308289206594,2.7219014127629304,2.636398846059783
2.5848158347849197,3.13308289206594,2.7219014127629304,2.636398846059783
2.5848158347849197,3.13308289206594,2.7219014127629304,2.636398846059783
2.5848158347849197,3.13308289206594,2.7219014127629304,2.636398846059783
2.5848158347849197,3.13308289206594,2.7219014127629304,2.636398846059783
2.5848158347849197,3.13308289206594,2.7219014127629304,2.636398846059783
2.5848158347849197,3.13308289206594,2.7219014127629304,2.636398846059783
2.5848158347849197,3.13308289206594,2.7219014127629304,2.636398846059783
2.5848158347849197,3.13308289206594,2.7219014127629304,2.636398846059783
2.748489347838382,3.13308289206594,2.7219014127629304,2.636398846059783
2.748489347838382,3.13308289206594,2.7219014127629304,2.636398846059783
2.748489347838382,3.13308289206594,2.7219014127629304,2.636398846059783
2.748489347838382,3.13308289206594,2.7219014127629304,2.636398846059783
2.748489347838382,3.13308289206594,2.7219014127629304,2.636398846059783
2.748489347838382,3.13308289206594,2.7219014127629304,2.636398846059783
2.748489347838382,3.13308289206594,2.7219014127629304,2.636398846059783
2.748489347838382,3.13308289206594,2.7219014127629304,2.636398846059783
2.748489347838382,3.13308289206594,2.7219014127629304,2.636398846059783
2.748489347838382,3.13308289206594,2.7219014127629304,2.636398846059783
2.748489347838382,3.13308289206594,2.7219014127629304,2.636398846059783
2.748489347838382,3.13308289206594,2.7219014127629304,2.636398846059783
2.748489347838382,3.13308289206594,2.7219014127629304,2.636398846059783
2.748489347838382,3.13308289206594,2.7219014127629304,2.636398846059783
2.748489347838382,3.13308289206594,2.7219014127629304,2.636398846059783
2.748489347838382,3.13308289206594,2.7219014127629304,2.636398846059783
2.748489347838382,3.13308289206594,2.7219014127629304,2.636398846059783
2.748489347838382,3.13308289206594,2.7219014127629304,2.636398846059783
2.748489347838382,3.13308289206594,2.7219014127629304,2.636398846059783
2.748489347838382,3.13308289206594,2.7219014127629304,2.636398846059783
2.748489347838382,3.13308289206594,2.7219014127629304,2.636398846059783
2.748489347838382,3.13308289206594,2.7219014127629304,2.636398846059783
2.748489347838382,3.13308289206594,2.7219014127629304,2.636398846059783
2.748489347838382,3.13308289206594,2.7219014127629304,2.636398846059783
2.748489347838382,3.13308289206594,2.7219014127629304,2.636398846059783
2.748489347838382,3.13308289206594,2.7219014127629304,2.636398846059783
2.748489347838382,3.13308289206594,2.7219014127629304,2.636398846059783
2.748489347838382,3.13308289206594,2.7219014127629304,2.636398846059783
2.748489347838382,3.13308289206594,2.7219014127629304,2.636398846059783
2.748489347838382,3.13308289206594,2.7219014127629304,2.636398846059783
2.748489347838382,3.13308289206594,2.7219014127629304,2.636398846059783
2.748489347838382,3.13308289206594,2.7219014127629304,2.636398846059783
2.748489347838382,3.13308289206594,2.7219014127629304,2.636398846059783
2.748489347838382,3.13308289206594,2.7219014127629304,2.636398846059783
2.748489347838382,3.13308289206594,2.7219014127629304,2.636398846059783
2.748489347838382,3.13308289206594,2.7219014127629304,2.636398846059783
2.748489347838382,3.13308289206594,2.7219014127629304,2.636398846059783
2.9562068486035593,3.13308289206594,2.7219014127629304,2.636398846059783
2.9562068486035593,3.13308289206594,2.7219014127629304,2.636398846059783
2.9562068486035593,3.13308289206594,2.7219014127629304,2.636398846059783
2.9562068486035593,3.13308289206594,2.7219014127629304,2.636398846059783
2.9562068486035593,3.13308289206594,2.7219014127629304,2.636398846059783
2.9562068486035593,3.13308289206594,2.7219014127629304,2.636398846059783
2.9562068486035593,3.13308289206594,2.7219014127629304,2.636398846059783
2.9562068486035593,3.13308289206594,2.7219014127629304,2.636398846059783
2.9562068486035593,3.13308289206594,2.7219014127629304,2.636398846059783
2.9562068486035593,3.13308289206594,2.7219014127629304,2.636398846059783
2.9562068486035593,3.13308289206594,2.7219014127629304,2.636398846059783
2.9562068486035593,3.13308289206594,2.7219014127629304,2.636398846059783
2.9562068486035593,3.13308289206594,2.7219014127629304,2.636398846059783
2.9562068486035593,3.13308289206594,2.7219014127629304,2.636398846059783
2.9562068486035593,3.13308289206594,2.7219014127629304,2.636398846059783
2.9562068486035593,3.13308289206594,2.7219014127629304,2.636398846059783
2.9562068486035593,3.13308289206594,2.7219014127629304,2.636398846059783
2.9562068486035593,3.13308289206594,2.7219014127629304,2.636398846059783
2.9562068486035593,3.13308289206594,2.7219014127629304,2.636398846059783
2.9562068486035593,3.13308289206594,2.7219014127629304,2.636398846059783
2.9562068486035593,3.13308289206594,2.7219014127629304,2.636398846059783
2.9562068486035593,3.13308289206594,2.7219014127629304,2.636398846059783
2.9562068486035593,3.13308289206594,2.7219014127629304,2.636398846059783
2.9562068486035593,3.13308289206594,2.7219014127629304,2.636398846059783
2.9562068486035593,3.13308289206594,2.7219014127629304,2.636398846059783
2.9562068486035593,3.13308289206594,2.7219014127629304,2.636398846059783
2.9562068486035593,3.13308289206594,2.7219014127629304,2.636398846059783
2.9562068486035593,3.13308289206594,2.7219014127629304,2.636398846059783
2.9562068486035593,3.13308289206594,2.7219014127629304,2.636398846059783
2.9562068486035593,3.13308289206594,2.7219014127629304,2.636398846059783
2.9562068486035593,3.13308289206594,2.7219014127629304,2.636398846059783
2.9562068486035593,3.13308289206594,2.7219014127629304,2.636398846059783
2.9562068486035593,3.13308289206594,2.7219014127629304,2.636398846059783
2.9562068486035593,3.13308289206594,2.7219014127629304,2.636398846059783
2.9562068486035593,3.13308289206594,2.7219014127629304,2.636398846059783
2.9562068486035593,3.13308289206594,2.7219014127629304,2.636398846059783
2.9562068486035593,3.13308289206594,2.7219014127629304,2.636398846059783
2.9562068486035593,3.13308289206594,2.7219014127629304,2.636398846059783
2.9562068486035593,3.13308289206594,2.7219014127629304,2.636398846059783
2.9562068486035593,3.13308289206594,2.7219014127629304,2.636398846059783
2.9562068486035593,3.13308289206594,2.7219014127629304,2.636398846059783
2.9562068486035593,3.13308289206594,2.7219014127629304,2.636398846059783
2.9562068486035593,3.13308289206594,2.7219014127629304,2.636398846059783
2.9562068486035593,3.13308289206594,2.7219014127629304,2.636398846059783
2.9562068486035593,3.13308289206594,2.7219014127629304,2.636398846059783
2.9562068486035593,3.13308289206594,2.7219014127629304,2.636398846059783
2.9562068486035593,3.13308289206594,2.7219014127629304,2.636398846059783
2.9562068486035593,3.13308289206594,2.7219014127629304,2.636398846059783
2.9562068486035593,3.13308289206594,2.7219014127629304,2.636398846059783
2.9562068486035593,3.13308289206594,2.7219014127629304,2.636398846059783
2.9562068486035593,3.13308289206594,2.7219014127629304,2.636398846059783
2.9562068486035593,3.13308289206594,2.7219014127629304,2.636398846059783
2.9562068486035593,3.13308289206594,2.7219014127629304,2.636398846059783
2.9562068486035593,3.13308289206594,2.7219014127629304,2.636398846059783
2.9562068486035593,3.13308289206594,2.7219014127629304,2.636398846059783
2.9562068486035593,3.13308289206594,2.7219014127629304,2.636398846059783
2.9562068486035593,3.13308289206594,2.7219014127629304,2.636398846059783
2.9562068486035593,3.13308289206594,2.7219014127629304,2.636398846059783
2.9562068486035593,3.13308289206594,2.7219014127629304,2.636398846059783
2.9562068486035593,3.13308289206594,2.7219014127629304,2.636398846059783
2.9562068486035593,3.13308289206594,2.7219014127629304,2.636398846059783
2.9562068486035593,3.13308289206594,2.7219014127629304,2.636398846059783
2.9562068486035593,3.13308289206594,2.7219014127629304,2.636398846059783
2.9562068486035593,3.13308289206594,2.7219014127629304,2.636398846059783
2.9562068486035593,3.13308289206594,2.7219014127629304,2.636398846059783
2.9562068486035593,3.13308289206594,2.7219014127629304,2.636398846059783
2.9562068486035593,3.13308289206594,2.7219014127629304,2.636398846059783
2.9562068486035593,3.13308289206594,2.7219014127629304,2.636398846059783
2.9562068486035593,3.13308289206594,2.7219014127629304,2.636398846059783
2.9562068486035593,3.13308289206594,2.7219014127629304,2.636398846059783
2.9562068486035593,3.13308289206594,2.7219014127629304,2.636398846059783
2.9562068486035593,3.13308289206594,2.7219014127629304,2.636398846059783
2.9562068486035593,3.13308289206594,2.7219014127629304,2.8886655443140836
2.9562068486035593,3.13308289206594,2.7219014127629304,2.8886655443140836
2.9562068486035593,3.13308289206594,2.7219014127629304,2.8886655443140836
2.9562068486035593,3.13308289206594,2.7219014127629304,2.8886655443140836
2.9562068486035593,3.13308289206594,2.7219014127629304,2.8886655443140836
2.9562068486035593,3.13308289206594,2.7219014127629304,2.8886655443140836
2.9562068486035593,3.13308289206594,2.7219014127629304,2.8886655443140836
2.9562068486035593,3.13308289206594,2.7219014127629304,2.8886655443140836
2.9562068486035593,3.13308289206594,2.7219014127629304,2.8886655443140836
2.9562068486035593,3.13308289206594,2.7219014127629304,2.8886655443140836
2.9562068486035593,3.13308289206594,2.7219014127629304,2.8886655443140836
2.9562068486035593,3.13308289206594,2.7219014127629304,2.8886655443140836
2.9562068486035593,3.13308289206594,2.7219014127629304,2.8886655443140836
2.9562068486035593,3.13308289206594,2.7219014127629304,2.8886655443140836
2.9562068486035593,3.13308289206594,2.7219014127629304,2.8886655443140836
2.9562068486035593,3.13308289206594,2.7219014127629304,2.8886655443140836
2.9562068486035593,3.13308289206594,2.7219014127629304,2.8886655443140836
2.9562068486035593,3.13308289206594,2.7219014127629304,2.8886655443140836
2.9562068486035593,3.13308289206594,2.7219014127629304,2.8886655443140836
2.9562068486035593,3.13308289206594,2.7219014127629304,2.8886655443140836
2.9562068486035593,3.13308289206594,2.7219014127629304,2.8886655443140836
2.9562068486035593,3.13308289206594,2.7219014127629304,2.8886655443140836
2.9562068486035593,3.13308289206594,2.7219014127629304,2.8886655443140836
2.9562068486035593,3.13308289206594,2.7219014127629304,2.8886655443140836
2.9562068486035593,3.13308289206594,2.7219014127629304,2.8886655443140836
2.9562068486035593,3.13308289206594,2.7219014127629304,2.8886655443140836
2.9562068486035593,3.13308289206594,2.7219014127629304,2.8886655443140836
2.9562068486035593,3.13308289206594,2.7219014127629304,2.8886655443140836
2.9562068486035593,3.13308289206594,2.7219014127629304,2.8886655443140836
2.9562068486035593,3.13308289206594,2.7219014127629304,2.8886655443140836
2.9562068486035593,3.13308289206594,2.7219014127629304,2.8886655443140836
2.9562068486035593,3.13308289206594,2.7219014127629304,2.8886655443140836
2.9562068486035593,3.13308289206594,2.7219014127629304,2.8886655443140836
2.9562068486035593,3.13308289206594,2.7219014127629304,2.8886655443140836
2.9562068486035593,3.13308289206594,2.7219014127629304,2.8886655443140836
2.9562068486035593,3.13308289206594,2.7219014127629304,2.8886655443140836
2.9562068486035593,3.13308289206594,2.7219014127629304,2.8886655443140836
2.9562068486035593,3.13308289206594,2.7219014127629304,2.8886655443140836
2.9562068486035593,3.13308289206594,2.7219014127629304,2.8886655443140836
2.9562068486035593,3.13308289206594,2.7219014127629304,2.8886655443140836
2.9562068486035593,3.13308289206594,2.7219014127629304,2.8886655443140836
2.9562068486035593,3.13308289206594,2.7219014127629304,2.8886655443140836
2.9562068486035593,3.13308289206594,2.7219014127629304,2.8886655443140836
2.9562068486035593,3.13308289206594,2.7219014127629304,2.8886655443140836
2.9562068486035593,3.13308289206594,2.7219014127629304,2.8886655443140836
2.9562068486035593,3.13308289206594,2.7219014127629304,2.8886655443140836
2.9562068486035593,3.13308289206594,2.7219014127629304,2.8886655443140836
2.9562068486035593,3.13308289206594,2.7219014127629304,2.8886655443140836
2.9562068486035593,3.13308289206594,2.7219014127629304,2.8886655443140836
2.9562068486035593,3.13308289206594,2.7219014127629304,2.8886655443140836
2.9562068486035593,3.13308289206594,2.7219014127629304,2.8886655443140836
2.9562068486035593,3.13308289206594,2.7219014127629304,2.8886655443140836
2.9562068486035593,3.13308289206594,2.7219014127629304,2.8886655443140836
2.9562068486035593,3.13308289206594,2.7219014127629304,2.8886655443140836
2.9562068486035593,3.13308289206594,2.7219014127629304,2.8886655443140836
2.9562068486035593,3.13308289206594,2.7219014127629304,2.8886655443140836
2.9562068486035593,3.13308289206594,2.7219014127629304,2.8886655443140836
2.9562068486035593,3.13308289206594,2.7219014127629304,2.8886655443140836
2.9562068486035593,3.13308289206594,2.7219014127629304,2.8886655443140836
2.9562068486035593,3.13308289206594,2.7219014127629304,2.8886655443140836
2.9562068486035593,3.13308289206594,2.7219014127629304,2.8886655443140836
2.9562068486035593,3.13308289206594,2.7219014127629304,2.8886655443140836
2.9562068486035593,3.13308289206594,2.7219014127629304,2.8886655443140836
2.9562068486035593,3.13308289206594,2.7219014127629304,2.8886655443140836
2.9562068486035593,3.13308289206594,2.7219014127629304,2.8886655443140836
2.9562068486035593,3.13308289206594,2.7219014127629304,2.8886655443140836
2.9562068486035593,3.13308289206594,2.7219014127629304,2.8886655443140836
2.9562068486035593,3.13308289206594,2.7219014127629304,2.8886655443140836
2.9562068486035593,3.13308289206594,2.7219014127629304,2.8886655443140836
2.9562068486035593,3.13308289206594,2.7219014127629304,2.8886655443140836
2.9562068486035593,3.13308289206594,2.7219014127629304,2.8886655443140836
2.9562068486035593,3.13308289206594,2.7219014127629304,2.8886655443140836
2.9562068486035593,3.13308289206594,2.7219014127629304,2.8886655443140836
2.9562068486035593,3.13308289206594,2.7219014127629304,2.8886655443140836
2.9562068486035593,3.13308289206594,2.7219014127629304,2.8886655443140836
2.9562068486035593,3.13308289206594,2.7219014127629304,2.8886655443140836
2.9562068486035593,3.13308289206594,2.7219014127629304,2.8886655443140836
2.9562068486035593,3.13308289206594,2.7219014127629304,2.8886655443140836
2.9562068486035593,3.13308289206594,2.7219014127629304,2.8886655443140836
2.9562068486035593,3.13308289206594,2.7219014127629304,2.8886655443140836
2.9562068486035593,3.13308289206594,2.7219014127629304,2.8886655443140836
2.9562068486035593,3.13308289206594,2.7219014127629304,2.8886655443140836
2.9562068486035593,3.13308289206594,2.7219014127629304,2.8886655443140836
2.9562068486035593,3.13308289206594,2.7219014127629304,2.8886655443140836
2.9562068486035593,3.13308289206594,2.7219014127629304,2.8886655443140836
2.9562068486035593,3.13308289206594,2.7219014127629304,2.8886655443140836
2.9562068486035593,3.13308289206594,2.7219014127629304,2.8886655443140836
2.9562068486035593,3.13308289206594,2.7219014127629304,2.8886655443140836
2.9562068486035593,3.13308289206594,2.7219014127629304,2.8886655443140836
2.9562068486035593,3.13308289206594,2.7219014127629304,2.8886655443140836
2.9562068486035593,3.13308289206594,2.7219014127629304,2.8886655443140836
2.9562068486035593,3.13308289206594,2.7219014127629304,2.8886655443140836
2.9562068486035593,3.13308289206594,2.7219014127629304,2.8886655443140836
2.9562068486035593,3.13308289206594,2.7219014127629304,2.8886655443140836
2.9562068486035593,3.13308289206594,2.7219014127629304,2.8886655443140836
2.9562068486035593,3.13308289206594,2.7219014127629304,2.8886655443140836
2.9562068486035593,3.13308289206594,2.7219014127629304,2.8886655443140836
2.9562068486035593,3.13308289206594,2.7219014127629304,2.8886655443140836
2.9562068486035593,3.13308289206594,2.7219014127629304,2.8886655443140836
2.9562068486035593,3.13308289206594,2.7219014127629304,2.8886655443140836
2.9562068486035593,3.13308289206594,2.7219014127629304,2.8886655443140836
2.9562068486035593,3.13308289206594,2.7219014127629304,2.8886655443140836
2.9562068486035593,3.13308289206594,2.7219014127629304,2.8886655443140836
2.9562068486035593,3.13308289206594,2.7219014127629304,2.8886655443140836
2.9562068486035593,3.13308289206594,2.7219014127629304,2.8886655443140836
2.9562068486035593,3.13308289206594,2.7219014127629304,2.8886655443140836
2.9562068486035593,3.13308289206594,2.7219014127629304,2.8886655443140836
2.9562068486035593,3.13308289206594,2.7219014127629304,2.8886655443140836
2.9562068486035593,3.13308289206594,2.7219014127629304,2.8886655443140836
2.9562068486035593,3.13308289206594,2.7219014127629304,2.8886655443140836
2.9562068486035593,3.13308289206594,2.7219014127629304,2.8886655443140836
2.9562068486035593,3.13308289206594,2.7219014127629304,2.8886655443140836
2.9562068486035593,3.13308289206594,2.7219014127629304,2.8886655443140836
2.9562068486035593,3.13308289206594,2.7219014127629304,2.8886655443140836
2.9562068486035593,3.13308289206594,2.7219014127629304,2.8886655443140836
2.9562068486035593,3.13308289206594,2.7219014127629304,2.8886655443140836
2.9562068486035593,3.13308289206594,2.7219014127629304,2.8886655443140836
2.9562068486035593,3.13308289206594,2.7219014127629304,2.8886655443140836
2.9562068486035593,3.13308289206594,2.7219014127629304,2.8886655443140836
2.9562068486035593,3.13308289206594,2.7219014127629304,2.8886655443140836
2.9562068486035593,3.13308289206594,2.7219014127629304,2.8886655443140836
2.9562068486035593,3.13308289206594,2.7219014127629304,2.8886655443140836
2.9562068486035593,3.13308289206594,3.246991132037258,2.8886655443140836
2.9562068486035593,3.13308289206594,3.246991132037258,2.8886655443140836
2.9562068486035593,3.13308289206594,3.246991132037258,2.8886655443140836
2.9562068486035593,3.13308289206594,3.246991132037258,2.8886655443140836
2.9562068486035593,3.13308289206594,3.246991132037258,2.8886655443140836
2.9562068486035593,3.13308289206594,3.246991132037258,2.8886655443140836
2.9562068486035593,3.13308289206594,3.246991132037258,2.8886655443140836
2.9562068486035593,3.13308289206594,3.246991132037258,2.8886655443140836
2.9562068486035593,3.13308289206594,3.246991132037258,2.8886655443140836
2.9562068486035593,3.13308289206594,3.246991132037258,2.8886655443140836
2.9562068486035593,3.13308289206594,3.246991132037258,2.8886655443140836
2.9562068486035593,3.13308289206594,3.246991132037258,2.8886655443140836
2.9562068486035593,3.13308289206594,3.246991132037258,2.8886655443140836
2.9562068486035593,3.13308289206594,3.246991132037258,2.8886655443140836
2.9562068486035593,3.13308289206594,3.246991132037258,2.8886655443140836
2.9562068486035593,3.13308289206594,3.246991132037258,2.8886655443140836
2.9562068486035593,3.13308289206594,3.246991132037258,2.8886655443140836
2.9562068486035593,3.13308289206594,3.246991132037258,2.8886655443140836
2.9562068486035593,3.13308289206594,3.246991132037258,2.8886655443140836
2.9562068486035593,3.13308289206594,3.246991132037258,2.8886655443140836
2.9562068486035593,3.13308289206594,3.246991132037258,2.8886655443140836
2.9562068486035593,3.13308289206594,3.246991132037258,2.8886655443140836
2.9562068486035593,3.13308289206594,3.246991132037258,2.8886655443140836
2.9562068486035593,3.13308289206594,3.246991132037258,2.8886655443140836
2.9562068486035593,3.13308289206594,3.246991132037258,2.8886655443140836
2.9562068486035593,3.13308289206594,3.246991132037258,2.8886655443140836
2.9562068486035593,3.13308289206594,3.246991132037258,2.8886655443140836
2.9562068486035593,3.13308289206594,3.246991132037258,2.8886655443140836
2.9562068486035593,3.13308289206594,3.246991132037258,2.8886655443140836
2.9562068486035593,3.13308289206594,3.246991132037258,2.8886655443140836
2.9562068486035593,3.13308289206594,3.246991132037258,2.8886655443140836
2.9562068486035593,3.13308289206594,3.246991132037258,2.8886655443140836
2.9562068486035593,3.13308289206594,3.246991132037258,2.8886655443140836
2.9562068486035593,3.13308289206594,3.246991132037258,2.8886655443140836
2.9562068486035593,3.13308289206594,3.246991132037258,2.8886655443140836
2.9562068486035593,3.13308289206594,3.246991132037258,2.8886655443140836
2.9562068486035593,3.13308289206594,3.246991132037258,2.8886655443140836
2.9562068486035593,3.13308289206594,3.246991132037258,2.8886655443140836
2.9562068486035593,3.13308289206594,3.246991132037258,2.8886655443140836
2.9562068486035593,3.13308289206594,3.246991132037258,2.8886655443140836
2.9562068486035593,3.13308289206594,3.246991132037258,2.8886655443140836
2.9562068486035593,3.13308289206594,3.246991132037258,2.8886655443140836
2.9562068486035593,3.13308289206594,3.246991132037258,2.8886655443140836
2.9562068486035593,3.13308289206594,3.246991132037258,2.8886655443140836
2.9562068486035593,3.13308289206594,3.246991132037258,2.8886655443140836
2.9562068486035593,3.13308289206594,3.246991132037258,2.8886655443140836
2.9562068486035593,3.13308289206594,3.246991132037258,2.8886655443140836
2.9562068486035593,3.13308289206594,3.246991132037258,2.8886655443140836
2.9562068486035593,3.13308289206594,3.246991132037258,2.8886655443140836
2.9562068486035593,3.13308289206594,3.246991132037258,2.8886655443140836
2.9562068486035593,3.13308289206594,3.246991132037258,2.8886655443140836
2.9562068486035593,3.13308289206594,3.246991132037258,2.8886655443140836
2.9562068486035593,3.13308289206594,3.246991132037258,2.8886655443140836
2.9562068486035593,3.13308289206594,3.246991132037258,2.8886655443140836
2.9562068486035593,3.13308289206594,3.246991132037258,2.8886655443140836
2.9562068486035593,3.13308289206594,3.246991132037258,2.8886655443140836
2.9562068486035593,3.13308289206594,3.246991132037258,2.8886655443140836
2.9562068486035593,3.13308289206594,3.246991132037258,2.8886655443140836
2.9562068486035593,3.13308289206594,3.246991132037258,2.8886655443140836
2.9562068486035593,3.13308289206594,3.246991132037258,2.8886655443140836
2.9562068486035593,3.13308289206594,3.246991132037258,2.8886655443140836
2.9562068486035593,3.13308289206594,3.246991132037258,2.8886655443140836
2.9562068486035593,3.13308289206594,3.246991132037258,2.8886655443140836
2.9562068486035593,3.13308289206594,3.246991132037258,2.8886655443140836
2.9562068486035593,3.13308289206594,3.246991132037258,2.8886655443140836
2.9562068486035593,3.13308289206594,3.246991132037258,2.8886655443140836
2.9562068486035593,3.13308289206594,3.246991132037258,2.8886655443140836
2.9562068486035593,3.13308289206594,3.246991132037258,2.8886655443140836
2.9562068486035593,3.13308289206594,3.246991132037258,2.8886655443140836
2.9562068486035593,3.13308289206594,3.246991132037258,2.8886655443140836
2.9562068486035593,3.13308289206594,3.246991132037258,2.8886655443140836
2.9562068486035593,3.13308289206594,3.246991132037258,2.8886655443140836
2.9562068486035593,3.13308289206594,3.246991132037258,2.8886655443140836
2.9562068486035593,3.13308289206594,3.246991132037258,2.8886655443140836
2.9562068486035593,3.13308289206594,3.246991132037258,2.8886655443140836
2.9562068486035593,3.13308289206594,3.246991132037258,2.8886655443140836
2.9562068486035593,3.13308289206594,3.246991132037258,2.8886655443140836
2.9562068486035593,3.13308289206594,3.246991132037258,2.8886655443140836
2.9562068486035593,3.13308289206594,3.246991132037258,2.8886655443140836
2.9562068486035593,3.13308289206594,3.246991132037258,2.8886655443140836
2.9562068486035593,3.13308289206594,3.246991132037258,2.8886655443140836
2.9562068486035593,3.13308289206594,3.246991132037258,2.8886655443140836
2.9562068486035593,3.13308289206594,3.246991132037258,2.8886655443140836
2.9562068486035593,3.13308289206594,3.246991132037258,2.8886655443140836
2.9562068486035593,3.13308289206594,3.246991132037258,2.8886655443140836
2.9562068486035593,3.13308289206594,3.246991132037258,2.8886655443140836
2.9562068486035593,3.13308289206594,3.246991132037258,2.8886655443140836
2.9562068486035593,3.13308289206594,3.246991132037258,2.8886655443140836
2.9562068486035593,3.13308289206594,3.246991132037258,2.8886655443140836
2.9562068486035593,3.13308289206594,3.246991132037258,2.9359207705132992
2.9562068486035593,3.13308289206594,3.246991132037258,2.9359207705132992
2.9562068486035593,3.13308289206594,3.246991132037258,2.9359207705132992
2.9562068486035593,3.13308289206594,3.246991132037258,2.9359207705132992
2.9562068486035593,3.13308289206594,3.246991132037258,2.9359207705132992
2.9562068486035593,3.13308289206594,3.246991132037258,2.9359207705132992
2.9562068486035593,3.13308289206594,3.246991132037258,2.9359207705132992
2.9562068486035593,3.13308289206594,3.246991132037258,2.9359207705132992
2.9562068486035593,3.13308289206594,3.246991132037258,2.9359207705132992
2.9562068486035593,3.13308289206594,3.246991132037258,2.9359207705132992
2.9562068486035593,3.13308289206594,3.246991132037258,2.9359207705132992
2.9562068486035593,3.13308289206594,3.246991132037258,2.9359207705132992
2.9562068486035593,3.13308289206594,3.246991132037258,2.9359207705132992
2.9562068486035593,3.13308289206594,3.246991132037258,2.9359207705132992
2.9562068486035593,3.13308289206594,3.246991132037258,2.9359207705132992
2.9562068486035593,3.13308289206594,3.246991132037258,2.9359207705132992
2.9562068486035593,3.13308289206594,3.246991132037258,2.9359207705132992
2.9562068486035593,3.13308289206594,3.246991132037258,2.9359207705132992
2.9562068486035593,3.13308289206594,3.246991132037258,2.9359207705132992
2.9562068486035593,3.13308289206594,3.246991132037258,2.9359207705132992
2.9562068486035593,3.13308289206594,3.246991132037258,2.9359207705132992
2.9562068486035593,3.13308289206594,3.246991132037258,2.9359207705132992
2.9562068486035593,3.13308289206594,3.246991132037258,2.9359207705132992
2.9562068486035593,3.13308289206594,3.246991132037258,2.9359207705132992
3.011833808091052,3.13308289206594,3.246991132037258,2.9359207705132992
3.011833808091052,3.13308289206594,3.246991132037258,2.9359207705132992
3.011833808091052,3.13308289206594,3.246991132037258,2.9359207705132992
3.011833808091052,3.13308289206594,3.246991132037258,2.9359207705132992
3.011833808091052,3.13308289206594,3.246991132037258,2.9359207705132992
3.011833808091052,3.13308289206594,3.246991132037258,2.9359207705132992
3.011833808091052,3.13308289206594,3.246991132037258,2.9359207705132992
3.011833808091052,3.13308289206594,3.246991132037258,2.9359207705132992
3.011833808091052,3.13308289206594,3.246991132037258,2.9359207705132992
3.011833808091052,3.13308289206594,3.246991132037258,2.9359207705132992
3.011833808091052,3.13308289206594,3.246991132037258,2.9359207705132992
3.011833808091052,3.13308289206594,3.246991132037258,2.9359207705132992
3.011833808091052,3.13308289206594,3.246991132037258,2.9359207705132992
3.011833808091052,3.13308289206594,3.246991132037258,2.9359207705132992
3.011833808091052,3.13308289206594,3.246991132037258,2.9359207705132992
3.011833808091052,3.13308289206594,3.246991132037258,2.9359207705132992
3.011833808091052,3.13308289206594,3.246991132037258,2.9359207705132992
3.011833808091052,3.13308289206594,3.246991132037258,2.9359207705132992
3.011833808091052,3.13308289206594,3.246991132037258,2.9359207705132992
3.011833808091052,3.13308289206594,3.246991132037258,2.9359207705132992
3.011833808091052,3.13308289206594,3.246991132037258,2.9359207705132992
3.011833808091052,3.13308289206594,3.246991132037258,2.9359207705132992
3.011833808091052,3.13308289206594,3.246991132037258,2.9359207705132992
3.011833808091052,3.13308289206594,3.246991132037258,2.9359207705132992
3.011833808091052,3.13308289206594,3.246991132037258,2.9359207705132992
3.3709142841867576,3.13308289206594,3.246991132037258,2.9359207705132992
3.3709142841867576,3.13308289206594,3.246991132037258,2.9359207705132992
3.3709142841867576,3.13308289206594,3.246991132037258,2.9359207705132992
3.3709142841867576,3.13308289206594,3.246991132037258,2.9359207705132992
3.3709142841867576,3.13308289206594,3.246991132037258,2.9359207705132992
3.3709142841867576,3.13308289206594,3.246991132037258,2.9359207705132992
3.3709142841867576,3.13308289206594,3.246991132037258,2.9359207705132992
3.3709142841867576,3.13308289206594,3.246991132037258,2.9359207705132992
3.3709142841867576,3.13308289206594,3.246991132037258,2.9359207705132992
3.3709142841867576,3.13308289206594,3.246991132037258,2.9359207705132992
3.3709142841867576,3.13308289206594,3.246991132037258,2.9359207705132992
3.3709142841867576,3.13308289206594,3.246991132037258,2.9359207705132992
3.3709142841867576,3.13308289206594,3.246991132037258,2.9359207705132992
3.3709142841867576,3.13308289206594,3.246991132037258,2.9359207705132992
3.3709142841867576,3.13308289206594,3.246991132037258,2.9359207705132992
3.3709142841867576,3.13308289206594,3.246991132037258,2.9359207705132992
3.3709142841867576,3.13308289206594,3.246991132037258,2.9359207705132992
3.3709142841867576,3.13308289206594,3.246991132037258,2.9359207705132992
3.3709142841867576,3.13308289206594,3.246991132037258,2.9359207705132992
3.3709142841867576,3.13308289206594,3.246991132037258,2.9359207705132992
3.3709142841867576,3.13308289206594,3.246991132037258,2.9359207705132992
3.3709142841867576,3.13308289206594,3.246991132037258,2.9359207705132992
3.3709142841867576,3.13308289206594,3.246991132037258,2.9359207705132992
3.3709142841867576,3.13308289206594,3.246991132037258,2.9359207705132992
3.3709142841867576,3.13308289206594,3.246991132037258,2.9359207705132992
3.3709142841867576,3.13308289206594,3.246991132037258,2.9359207705132992
3.3709142841867576,3.13308289206594,3.246991132037258,2.9359207705132992
3.3709142841867576,3.13308289206594,3.246991132037258,2.9359207705132992
3.3709142841867576,3.13308289206594,3.246991132037258,2.9359207705132992
3.3709142841867576,3.13308289206594,3.246991132037258,2.9359207705132992
3.3709142841867576,3.13308289206594,3.246991132037258,2.9359207705132992
3.3709142841867576,3.13308289206594,3.246991132037258,2.9359207705132992
3.3709142841867576,3.13308289206594,3.246991132037258,2.9359207705132992
3.3709142841867576,3.13308289206594,3.246991132037258,2.9359207705132992
3.3709142841867576,3.13308289206594,3.246991132037258,2.9359207705132992
3.3709142841867576,3.13308289206594,3.246991132037258,2.9359207705132992
3.3709142841867576,3.13308289206594,3.246991132037258,2.9359207705132992
3.3709142841867576,3.13308289206594,3.246991132037258,2.9359207705132992
3.3709142841867576,3.13308289206594,3.246991132037258,2.9359207705132992
3.3709142841867576,3.13308289206594,3.246991132037258,2.9359207705132992
3.3709142841867576,3.13308289206594,3.246991132037258,2.9359207705132992
3.3709142841867576,3.13308289206594,3.246991132037258,2.9359207705132992
3.3709142841867576,3.13308289206594,3.246991132037258,2.9359207705132992
3.3709142841867576,3.13308289206594,3.246991132037258,2.9359207705132992
3.3709142841867576,3.13308289206594,3.246991132037258,2.9359207705132992
3.3709142841867576,3.13308289206594,3.246991132037258,2.9359207705132992
3.3709142841867576,3.13308289206594,3.246991132037258,2.9359207705132992
3.3709142841867576,3.13308289206594,3.246991132037258,2.9359207705132992
3.3709142841867576,3.13308289206594,3.246991132037258,2.9359207705132992
3.3709142841867576,3.13308289206594,3.246991132037258,2.9359207705132992
3.3709142841867576,3.13308289206594,3.246991132037258,2.9359207705132992
3.3709142841867576,3.13308289206594,3.246991132037258,2.9359207705132992
3.3709142841867576,3.13308289206594,3.246991132037258,2.9359207705132992
3.3709142841867576,3.13308289206594,3.246991132037258,2.9359207705132992
3.3709142841867576,3.13308289206594,3.246991132037258,2.9359207705132992
3.3709142841867576,3.13308289206594,3.246991132037258,2.9359207705132992
3.3709142841867576,3.13308289206594,3.246991132037258,2.9359207705132992
3.3709142841867576,3.13308289206594,3.246991132037258,2.9359207705132992
3.3709142841867576,3.13308289206594,3.246991132037258,2.9359207705132992
3.3709142841867576,3.13308289206594,3.246991132037258,2.9359207705132992
3.3709142841867576,3.13308289206594,3.246991132037258,2.9359207705132992
3.3709142841867576,3.13308289206594,3.246991132037258,2.9359207705132992
3.3709142841867576,3.13308289206594,3.246991132037258,2.9359207705132992
3.3709142841867576,3.13308289206594,3.246991132037258,2.9359207705132992
3.3709142841867576,3.13308289206594,3.246991132037258,2.9359207705132992
3.3709142841867576,3.13308289206594,3.246991132037258,2.9359207705132992
3.3709142841867576,3.13308289206594,3.246991132037258,2.9359207705132992
3.3709142841867576,3.13308289206594,3.246991132037258,2.9359207705132992
3.3709142841867576,3.13308289206594,3.246991132037258,2.9359207705132992
3.3709142841867576,3.13308289206594,3.246991132037258,2.9359207705132992
3.3709142841867576,3.13308289206594,3.246991132037258,2.9359207705132992
3.3709142841867576,3.13308289206594,3.246991132037258,2.9359207705132992
3.3709142841867576,3.13308289206594,3.246991132037258,2.9359207705132992
3.3709142841867576,3.13308289206594,3.246991132037258,2.9359207705132992
3.3709142841867576,3.13308289206594,3.246991132037258,2.9359207705132992
3.3709142841867576,3.13308289206594,3.246991132037258,2.9359207705132992
3.3709142841867576,3.13308289206594,3.246991132037258,2.9359207705132992
3.3709142841867576,3.13308289206594,3.246991132037258,2.9359207705132992
3.3709142841867576,3.13308289206594,3.246991132037258,2.9359207705132992
3.3709142841867576,3.13308289206594,3.246991132037258,2.9359207705132992
3.3709142841867576,3.13308289206594,3.246991132037258,2.9359207705132992
3.3709142841867576,3.13308289206594,3.246991132037258,2.9359207705132992
3.3709142841867576,3.13308289206594,3.246991132037258,2.9359207705132992
3.3709142841867576,3.13308289206594,3.246991132037258,2.9359207705132992
3.3709142841867576,3.13308289206594,3.246991132037258,2.9359207705132992
3.3709142841867576,3.13308289206594,3.246991132037258,2.9359207705132992
3.3709142841867576,3.13308289206594,3.246991132037258,2.9359207705132992
3.3709142841867576,3.13308289206594,3.246991132037258,2.9359207705132992
3.3709142841867576,3.13308289206594,3.246991132037258,2.9359207705132992
3.3709142841867576,3.13308289206594,3.246991132037258,2.9359207705132992
3.3709142841867576,3.13308289206594,3.246991132037258,2.9359207705132992
3.3709142841867576,3.13308289206594,3.246991132037258,2.9359207705132992
3.3709142841867576,3.13308289206594,3.246991132037258,2.9359207705132992
3.3709142841867576,3.13308289206594,3.246991132037258,2.9359207705132992
3.3709142841867576,3.13308289206594,3.246991132037258,2.9359207705132992
3.3709142841867576,3.13308289206594,3.246991132037258,2.9359207705132992
3.3709142841867576,3.13308289206594,3.246991132037258,2.9359207705132992
3.3709142841867576,3.13308289206594,3.246991132037258,2.9359207705132992
3.3709142841867576,3.13308289206594,3.246991132037258,2.9359207705132992
3.3709142841867576,3.13308289206594,3.246991132037258,2.9359207705132992
3.3709142841867576,3.13308289206594,3.246991132037258,2.9359207705132992
3.3709142841867576,3.13308289206594,3.246991132037258,2.9359207705132992
3.3709142841867576,3.13308289206594,3.246991132037258,2.9359207705132992
3.3709142841867576,3.13308289206594,3.246991132037258,2.9359207705132992
3.3709142841867576,3.13308289206594,3.246991132037258,2.9359207705132992
3.3709142841867576,3.13308289206594,3.246991132037258,2.9359207705132992
3.3709142841867576,3.13308289206594,3.246991132037258,2.9359207705132992
3.3709142841867576,3.13308289206594,3.246991132037258,2.9359207705132992
3.3709142841867576,3.13308289206594,3.246991132037258,2.9359207705132992
3.3709142841867576,3.13308289206594,3.246991132037258,2.9359207705132992
3.3709142841867576,3.13308289206594,3.246991132037258,2.9359207705132992
3.3709142841867576,3.13308289206594,3.246991132037258,2.9359207705132992
3.3709142841867576,3.13308289206594,3.246991132037258,2.9359207705132992
3.3709142841867576,3.13308289206594,3.246991132037258,2.9359207705132992
3.3709142841867576,3.13308289206594,3.246991132037258,2.9359207705132992
3.3709142841867576,3.13308289206594,3.246991132037258,2.9359207705132992
3.3709142841867576,3.13308289206594,3.246991132037258,2.9359207705132992
3.3709142841867576,3.13308289206594,3.246991132037258,2.9359207705132992
3.3709142841867576,3.13308289206594,3.246991132037258,2.9359207705132992
3.3709142841867576,3.13308289206594,3.246991132037258,2.9359207705132992
3.3709142841867576,3.13308289206594,3.246991132037258,2.9359207705132992
3.3709142841867576,3.13308289206594,3.246991132037258,2.9359207705132992
3.3709142841867576,3.13308289206594,3.246991132037258,2.9359207705132992
3.3709142841867576,3.13308289206594,3.246991132037258,2.9359207705132992
3.3709142841867576,3.13308289206594,3.246991132037258,2.9359207705132992
3.3709142841867576,3.13308289206594,3.246991132037258,2.9359207705132992
3.3709142841867576,3.13308289206594,3.246991132037258,2.9359207705132992
3.3709142841867576,3.13308289206594,3.246991132037258,2.9359207705132992
3.3709142841867576,3.13308289206594,3.246991132037258,2.9359207705132992
3.3709142841867576,3.13308289206594,3.246991132037258,2.9359207705132992
3.3709142841867576,3.13308289206594,3.246991132037258,2.9359207705132992
3.3709142841867576,3.13308289206594,3.246991132037258,2.9359207705132992
3.3709142841867576,3.13308289206594,3.246991132037258,2.9359207705132992
3.3709142841867576,3.13308289206594,3.246991132037258,2.9359207705132992
3.3709142841867576,3.13308289206594,3.246991132037258,2.9359207705132992
3.3709142841867576,3.13308289206594,3.246991132037258,2.9359207705132992
3.3709142841867576,3.13308289206594,3.246991132037258,2.9359207705132992
3.3709142841867576,3.13308289206594,3.246991132037258,2.9359207705132992
3.3709142841867576,3.13308289206594,3.246991132037258,2.9359207705132992
3.3709142841867576,3.13308289206594,3.246991132037258,2.9359207705132992
3.3709142841867576,3.13308289206594,3.246991132037258,2.9359207705132992
3.3709142841867576,3.13308289206594,3.246991132037258,2.9359207705132992
3.3709142841867576,3.13308289206594,3.246991132037258,2.9359207705132992
3.3709142841867576,3.13308289206594,3.246991132037258,2.9359207705132992
3.3709142841867576,3.13308289206594,3.246991132037258,2.9359207705132992
3.3709142841867576,3.13308289206594,3.246991132037258,2.9359207705132992
3.3709142841867576,3.13308289206594,3.246991132037258,2.9359207705132992
3.3709142841867576,3.13308289206594,3.246991132037258,2.9359207705132992
3.3709142841867576,3.13308289206594,3.246991132037258,2.9359207705132992
3.3709142841867576,3.13308289206594,3.246991132037258,2.9359207705132992
3.3709142841867576,3.13308289206594,3.246991132037258,2.9359207705132992
3.3709142841867576,3.13308289206594,3.246991132037258,2.9359207705132992
3.3709142841867576,3.13308289206594,3.246991132037258,2.9359207705132992
3.3709142841867576,3.13308289206594,3.246991132037258,2.9359207705132992
3.3709142841867576,3.13308289206594,3.246991132037258,2.9359207705132992
3.3709142841867576,3.13308289206594,3.246991132037258,2.9359207705132992
3.3709142841867576,3.13308289206594,3.246991132037258,2.9359207705132992
3.3709142841867576,3.13308289206594,3.246991132037258,2.9359207705132992
3.3709142841867576,3.13308289206594,3.246991132037258,2.9359207705132992
3.3709142841867576,3.13308289206594,3.246991132037258,2.9359207705132992
3.3709142841867576,3.13308289206594,3.246991132037258,2.9359207705132992
3.3709142841867576,3.13308289206594,3.246991132037258,2.9359207705132992
3.3709142841867576,3.13308289206594,3.246991132037258,2.9359207705132992
3.3709142841867576,3.13308289206594,3.246991132037258,2.9359207705132992
3.3709142841867576,3.13308289206594,3.246991132037258,2.9359207705132992
3.3709142841867576,3.13308289206594,3.246991132037258,2.9359207705132992
3.3709142841867576,3.13308289206594,3.246991132037258,2.9359207705132992
3.3709142841867576,3.13308289206594,3.246991132037258,2.9359207705132992
3.3709142841867576,3.13308289206594,3.246991132037258,2.9359207705132992
3.3709142841867576,3.13308289206594,3.246991132037258,2.9359207705132992
3.3709142841867576,3.13308289206594,3.246991132037258,2.9359207705132992
3.3709142841867576,3.13308289206594,3.246991132037258,3.088075842566461
3.3709142841867576,3.13308289206594,3.246991132037258,3.088075842566461
3.3709142841867576,3.13308289206594,3.246991132037258,3.088075842566461
3.3709142841867576,3.13308289206594,3.246991132037258,3.088075842566461
3.3709142841867576,3.13308289206594,3.246991132037258,3.088075842566461
3.3709142841867576,3.13308289206594,3.246991132037258,3.088075842566461
3.3709142841867576,3.13308289206594,3.246991132037258,3.088075842566461
3.3709142841867576,3.13308289206594,3.246991132037258,3.088075842566461
3.3709142841867576,3.13308289206594,3.246991132037258,3.088075842566461
